{
  "best_val_rmse": 0.3630323032324087,
  "test_model_rmse": 0.3807809054851532,
  "test_persist_rmse": 0.285398930311203,
  "test_skill": -0.3342057907106035
}